"Bahringer, Stoltenberg and Lowe",74870 Waters Pike,South Ivorystad,PW,54315-0226,110-809-8667,Mose Brekke Jr.,4380
Hegmann-Robel,701 Larissa Squares,Kihnmouth,IN,74926,110.666.9841 x08077,Thaddeus Kautzer,2573
Oberbrunner-Hermiston,682 Johnson Summit,North Monafurt,MN,06692-1901,363.571.6893,Richard Haag,1253
Hilpert-Walker,4315 Blanda Lodge,Sallieborough,NJ,32675,214-875-2803 x693,Marc Murphy,5917
Gaylord Inc,22686 Kirlin Shoals,New Enos,DC,92206-1782,1-396-443-6594 x588,Muhammad Boyer IV,5295
"Bradtke, Pacocha and Beahan",337 Jacklyn Drive,Port Kaci,NE,62723,670.199.6554 x6404,Jerrold O'Keefe,6456
Ernser Group,968 Elody Pass,Port Korey,NJ,72069,1-186-965-7932 x7622,Mrs. Dixie Flatley,8186
Pfannerstill and Sons,538 Hershel Way,Sawaynstad,AS,37472,1-499-455-1260 x19976,Mr. Jamey Maggio,2574
Murazik LLC,4755 Nicholas Heights,Lake Maximillia,KY,68834-3397,197-457-2548 x8675,Abdullah Trantow Jr.,5857
Kautzer-Hickle,466 Moore Ferry,Evelinechester,OH,23310-1012,248-421-2117,Jaylan Shields,9488
"Boyer, Bednar and Yost",76508 Marks Radial,New Ashtonview,WA,76604-0758,1-058-497-9538 x316,Ellsworth Tromp,5967
"Willms, Corwin and Howe",380 Champlin Extensions,East Casey,AA,28238,744.724.8487,Roosevelt Yundt,10075
"Schuster, Stoltenberg and Kertzmann",84132 Ada Fall,Vickymouth,GA,70127,293-212-6451,Elisha Nitzsche,1805
Lockman and Sons,472 Chasity Lock,New Vernie,OR,77121,1-124-913-5223 x5061,Camryn Stark,10455
Olson-Bauch,821 Adolfo Station,New Leoneton,ND,73226-7375,033-655-6953 x693,Allison Glover,3231
"Baumbach, Berge and Botsford",7102 Glover Fields,North Janessaberg,FM,04559,523-753-7069 x95408,Virginia Wiza,3733
McCullough-Mayert,18296 Jose Village,Wolffberg,ND,85114,1-381-416-7734 x9932,Brody Larkin,4036
Schmitt-Sawayn,116 Adams Courts,North Princess,OR,07878-7857,1-219-639-5152 x64092,Taryn Kling,6661
Mills LLC,0184 Alphonso Locks,Hackettberg,WA,61786-3382,(125)561-3436 x843,Esteban McKenzie Jr.,7309
Ortiz LLC,87836 Mose Parkway,Katrinahaven,SD,37121,1-391-188-0002 x51671,Dr. Leo Kshlerin,6233
